順位,騎手名,所属,本年勝利,勝率,複勝率,G1,G2,G3,重賞合計,3週前,2週前,1週前,判定,理由
1,Ｃ．ルメール,関西,72,29.6,62.6,2,1,5,8,50,81.8,60,🔥🔥,本物・爆発中
2,岩田望来,関西,57,17.5,42.3,0,0,2,2,35,33.3,23.1,📖,G1経験浅い
3,松山弘平,関西,49,14.9,37.8,2,0,0,2,35.3,26.3,26.7,→,ニュートラル
4,横山武史,関東,44,15.2,36.2,0,0,0,0,17.6,35.3,18.2,🎓,重賞未経験
5,西村淳也,関西,43,15.4,38.7,0,2,0,2,22.2,0,46.2,📖,G1経験浅い
6,川田将雅,関西,40,22.6,52.5,0,2,3,5,100,54.5,71.4,⚠️,G1ゼロ異常（高勝率なのに勝てない）
7,丹内祐次,関東,33,9.2,27.1,0,0,0,0,22.2,31.6,16.7,🎓,重賞未経験
8,戸崎圭太,関東,32,13.9,46.1,0,1,1,2,30.8,25,83.3,📖,G1経験浅い
9,坂井瑠星,関西,30,15.2,41.4,0,1,2,3,40,0,22.2,🔥,重賞勝てる本物
10,武豊,関西,29,12.4,40.3,0,3,0,3,60,50,23.1,🔥,重賞勝てる本物
11,鮫島克駿,関西,29,10.6,25.2,0,0,0,0,23.5,47.4,21.1,🎓,重賞未経験
12,荻野極,関西,26,10.2,31.5,0,0,0,0,25,38.5,28.6,🎓,重賞未経験
13,津村明秀,関東,26,10.5,29,0,2,3,5,33.3,25,28.6,🔥,重賞勝てる本物
14,横山和生,関東,25,11.4,25,0,1,1,2,11.1,20,25,→,ニュートラル
15,高杉吏麒,関西,24,8.5,24.6,0,0,0,0,40,13.3,25,🎓,重賞未経験
16,舟山瑠泉,関東,24,11,29.8,0,0,0,0,31.3,38.5,66.7,🎓,重賞未経験
17,斎藤新,関西,23,9.2,18.8,0,0,0,0,28.6,25,8.3,🎓,重賞未経験
18,三浦皇成,関東,21,9.7,27.2,0,0,0,0,15.4,50,44.4,🎓,重賞未経験
19,北村友一,関西,20,8.1,28.9,2,0,0,2,18.2,25,25,→,ニュートラル
20,吉村誠之助,関西,20,5.8,22.4,0,0,0,0,12.5,25,26.3,🎓,重賞未経験
21,佐々木大輔,関東,18,5.8,20.4,0,0,0,0,25,28.6,13.3,→,ニュートラル
22,松若風馬,関西,18,6.9,22.6,0,0,0,0,16.7,33.3,7.7,→,ニュートラル
23,幸英明,関西,17,6.6,21.6,0,0,1,1,16.7,22.2,33.3,→,ニュートラル
24,西塚洸二,関西,17,9.1,21.9,0,1,0,1,40,0,0,→,ニュートラル
25,田山旺佑,関西,16,5.7,19.4,0,0,0,0,35.7,22.2,15.8,→,ニュートラル
26,菊沢一樹,関東,16,5.5,14.4,0,0,1,1,11.8,18.8,12.5,→,ニュートラル
27,Ｒ．キング,英国,16,21.1,44.7,0,0,0,0,0,0,0,→,ニュートラル
28,横山琉人,関東,15,7.2,16.4,0,0,0,0,5.3,9.1,30,→,ニュートラル
29,団野大成,関西,14,4.9,23.2,0,0,0,0,33.3,14.3,21.4,→,ニュートラル
30,小林美駒,関東,14,10.1,20.9,0,0,0,0,30,66.7,27.3,→,ニュートラル
31,菱田裕二,関西,13,5.8,24.3,0,0,0,0,42.9,21.4,22.2,→,ニュートラル
32,池添謙一,関西,13,7.4,23.3,0,0,0,0,0,20,46.2,→,ニュートラル
33,田口貫太,関西,13,4.9,19.1,0,0,0,0,25,0,0,→,ニュートラル
34,浜中俊,関西,12,7.6,24.7,0,0,0,0,62.5,0,50,→,ニュートラル
35,丸山元気,関東,12,7.1,24.3,0,0,0,0,27.3,41.7,0,→,ニュートラル
36,田辺裕信,関東,12,7.2,23.5,0,0,0,0,30.8,25,0,→,ニュートラル
37,吉田隼人,関東,12,11,30.3,0,0,0,0,42.9,33.3,50,→,ニュートラル
38,原優介,関東,11,4.3,14.9,0,1,1,2,25,23.5,0,→,ニュートラル
39,岩田康誠,関西,11,4.3,19.8,0,0,1,1,6.3,20,18.8,→,ニュートラル
40,横山典弘,関東,11,9.9,25.2,0,1,0,1,57.1,16.7,20,→,ニュートラル
41,小崎綾也,関西,11,7.1,21.9,0,0,0,0,14.3,50,60,→,ニュートラル
42,石川裕紀人,関東,10,6.3,19.5,0,0,0,0,44.4,20,14.3,→,ニュートラル
43,酒井学,関西,10,4.7,11.2,0,0,0,0,0,14.3,6.7,→,ニュートラル
44,Ｍ．ディー,豪州,9,8.6,27.6,0,0,0,0,6.3,31.3,33.3,→,ニュートラル
45,菅原明良,関東,9,6.4,27.7,0,0,0,0,0,16.7,0,→,ニュートラル
46,Ｄ．レーン,豪州,8,19.5,48.8,0,1,0,1,56.3,46.2,0,→,ニュートラル
47,長浜鴻緒,関東,8,3.3,11.8,0,0,0,0,17.6,7.1,0,→,ニュートラル
48,Ｔ．ハマーハンセン,独国,9,8.1,21.6,0,0,2,2,0,0,0,→,ニュートラル
49,藤懸貴志,関西,8,4.8,14.4,0,0,1,1,0,11.1,0,→,ニュートラル
50,小崎綾也,関西,8,5.5,19.3,0,0,0,0,11.1,14.3,50,→,ニュートラル
51,藤懸貴志,関西,8,4.8,14.4,0,0,1,1,11.1,0,14.3,→,ニュートラル
52,杉原誠人,関東,8,5.4,13.6,0,0,0,0,22.2,0,12.5,→,ニュートラル
53,富田暁,関西,7,3.7,14.8,0,0,0,0,25,14.3,33.3,→,ニュートラル
54,藤岡佑介,関西,7,12.3,38.6,0,1,0,1,0,0,0,→,ニュートラル
55,角田大和,関西,6,3.8,16.5,0,0,1,1,0,14.3,23.1,→,ニュートラル
56,松本大輝,関西,6,4.4,11.7,0,0,0,0,9.1,10,14.3,→,ニュートラル
57,古川吉洋,関西,6,3.7,9.3,0,1,1,2,0,0,0,→,ニュートラル
58,国分優作,関西,6,3.9,7.1,0,0,0,0,16.7,0,0,→,ニュートラル
59,松岡正海,関東,6,4.3,12.9,0,0,0,0,40,0,10,→,ニュートラル
60,和田陽希,関西,6,4,12.7,0,0,0,0,28.6,22.2,16.7,→,ニュートラル
61,菊沢一樹,関東,5,3,13,0,0,0,0,16.7,23.1,25,→,ニュートラル
62,今村聖奈,関西,5,4.7,15,0,0,0,0,0,20,16.7,→,ニュートラル
63,石田拓郎,関東,5,3,13.3,0,0,0,0,23.1,25,18.2,→,ニュートラル
64,亀田温心,関西,5,4,8.7,0,0,0,0,0,9.1,14.3,→,ニュートラル
65,柴田裕一郎,関西,5,3.5,8.5,0,0,0,0,0,14.3,0,→,ニュートラル
66,大江原圭,関東,5,14.7,26.5,0,0,0,0,0,0,0,→,ニュートラル
67,嶋田純次,関東,5,6.6,10.5,0,0,0,0,16.7,33.3,33.3,→,ニュートラル
68,石神深道,関東,4,2.5,16.1,0,0,0,0,10,37.5,42.9,→,ニュートラル
69,国分恭介,関西,4,3.1,16,0,0,0,0,28.6,16.7,0,→,ニュートラル
70,秋山稔樹,関西,4,3.2,14.3,0,0,0,0,14.3,11.1,0,→,ニュートラル
71,上里直汰,関東,4,2.6,11.6,0,0,0,0,0,0,0,→,ニュートラル
72,太宰啓介,関西,4,3.6,14.3,0,0,1,1,0,12.5,28.6,→,ニュートラル
73,古川奈穂,関西,4,3.7,10.1,0,0,0,0,16.7,0,0,→,ニュートラル
74,高田潤,関西,4,18.2,45.5,0,1,0,1,100,100,0,↘,急降下トレンド
75,佐藤翔馬,関東,4,3.5,7,0,0,0,0,9.1,37.5,0,→,ニュートラル
76,大野拓弥,関東,3,1.6,17.7,0,0,0,0,66.7,16.7,7.7,↘,急降下トレンド
77,石橋脩,関東,3,2.2,12.3,0,0,0,0,20,13.3,16.7,→,ニュートラル
78,柴田大知,関東,3,2.1,7.1,0,0,0,0,0,0,12.5,→,ニュートラル
79,小牧加矢太,関西,3,8.8,26.5,0,0,0,0,100,0,0,↘,急降下トレンド
80,難波剛健,関西,3,8.6,22.9,0,0,0,0,0,0,0,→,ニュートラル
81,中村将之,関西,3,12.5,29.2,0,0,0,0,0,33.3,0,→,ニュートラル
82,森田誠也,関西,3,2.2,8.2,0,0,0,0,0,11.1,28.6,→,ニュートラル
83,高倉稜,関西,3,3.3,12,0,0,0,0,60,0,0,↘,急降下トレンド
84,永島まなみ,関西,3,2.5,8.3,0,0,0,0,12.5,0,25,→,ニュートラル
85,Ｆ．ゴンサルベス,亜国,3,12,40,0,0,0,0,0,40,40,→,ニュートラル
86,伴啓太,関東,3,8.3,25,0,0,0,0,0,0,100,→,ニュートラル
87,中井裕二,関西,3,3.1,9.2,0,0,0,0,0,0,0,→,ニュートラル
88,丸田恭介,関東,3,2.7,7.1,0,0,0,0,14.3,0,12.5,→,ニュートラル
89,柴田善臣,関東,3,4.3,10.1,0,0,0,0,0,0,0,→,ニュートラル
90,木幡初也,関東,3,4.5,10.4,0,0,0,0,20,0,0,→,ニュートラル
91,武藤雅,関東,3,2.3,10.9,0,0,1,1,14.3,20,16.7,→,ニュートラル
92,石神深一,関東,3,7.9,31.6,0,0,0,0,0,0,0,→,ニュートラル
93,吉田豊,関東,2,1.5,12.3,0,0,0,0,25,0,12.5,→,ニュートラル
94,草野太郎,関東,2,5.3,31.6,1,0,0,1,0,0,33.3,→,ニュートラル
95,鮫島良太,関西,2,5,27.5,0,0,0,0,0,100,50,→,ニュートラル
96,井上敏樹,関西,2,7.1,32.1,0,0,0,0,0,100,33.3,→,ニュートラル
97,野中悠太郎,関東,2,2,5.1,0,0,0,0,20,0,0,→,ニュートラル
98,加藤祥太,関西,2,4.2,14.6,0,0,0,0,0,66.7,0,→,ニュートラル
99,黛弘人,関東,2,2.5,4.9,0,0,0,0,16.7,0,0,→,ニュートラル
100,小野寺祐太,関西,2,5.9,8.8,0,0,0,0,0,0,0,→,ニュートラル
101,原田和真,関東,2,2.5,4.9,0,0,0,0,0,33.3,0,→,ニュートラル
102,橋木太希,関西,2,7.4,7.4,0,0,0,0,0,0,0,→,ニュートラル
103,江田照男,関東,1,0.8,7.7,0,0,0,0,0,0,10,→,ニュートラル
104,川又賢治,関西,1,1.3,11.3,0,0,0,0,0,0,25,→,ニュートラル
105,川端海翼,関西,1,1,6.9,0,0,0,0,0,0,11.1,→,ニュートラル
106,遠藤汰月,関東,1,0.6,6.9,0,0,0,0,9.1,0,0,→,ニュートラル
107,坂口智康,関東,1,3.4,24.1,0,0,0,0,50,100,50,→,ニュートラル
108,水沼元輝,関東,1,1.2,7.4,0,0,0,0,100,0,0,↘,急降下トレンド
109,長岡禎仁,関西,1,1.1,10.5,0,0,0,0,33.3,14.3,0,→,ニュートラル
110,河原田菜々,関西,1,0.8,6.8,0,0,0,0,14.3,11.1,8.3,→,ニュートラル
111,鷲頭虎太,関西,1,1.3,11.5,0,0,0,0,0,0,0,→,ニュートラル
112,五十嵐雄祐,関東,1,3,21.2,0,0,0,0,0,33.3,33.3,→,ニュートラル
113,大久保友雅,関西,1,1.4,4.2,0,0,0,0,0,0,25,→,ニュートラル
114,小坂忠士,関西,1,10,30,0,0,0,0,0,0,100,→,ニュートラル
115,木幡育也,関東,1,1.9,13.5,0,0,0,0,100,0,0,↘,急降下トレンド
116,金子光希,関東,1,9.1,27.3,0,0,0,0,0,100,0,→,ニュートラル
117,菅原隆一,関東,1,4,8,0,0,0,0,0,0,0,→,ニュートラル
118,泉谷楓真,関西,1,4.3,8.7,0,0,0,0,0,0,0,→,ニュートラル
119,土田真翔,関東,1,6.3,12.5,0,0,0,0,0,0,0,→,ニュートラル
120,森一馬,関西,1,4,20,0,0,0,0,50,0,0,→,ニュートラル
121,黒岩悠,関西,1,4.3,8.7,0,0,0,0,0,0,0,→,ニュートラル
122,Ｍ．デムーロ,関西,1,5.6,11.1,0,0,0,0,0,0,15.4,→,ニュートラル
123,北村宏司,関東,1,3.1,6.3,0,0,0,0,0,0,0,→,ニュートラル
124,矢野貴之,大井,1,4.2,4.2,0,0,0,0,0,0,0,→,ニュートラル
125,川須栄彦,関西,1,6.7,6.7,0,0,0,0,0,0,16.7,→,ニュートラル
126,西谷誠,関西,1,33.3,33.3,0,0,0,0,0,0,0,→,ニュートラル
127,内田博幸,関東,0,0,20.7,0,0,0,0,0,0,0,→,ニュートラル
128,荻野琢真,関西,0,0,9.5,0,0,0,0,0,0,0,→,ニュートラル
130,小林凌大,関東,0,0,4.3,0,0,0,0,0,0,0,→,ニュートラル
131,小林脩斗,関東,0,0,1.3,0,0,0,0,0,0,0,→,ニュートラル
132,岩部純二,関西,0,0,3.1,0,0,0,0,0,0,0,→,ニュートラル
133,城戸義政,関西,0,0,3.4,0,0,0,0,0,0,0,→,ニュートラル
134,岡田祥嗣,関西,0,0,18.2,0,0,0,0,0,0,0,→,ニュートラル
135,和田竜二,関西,0,0,11.8,0,0,0,0,0,0,0,→,ニュートラル
136,飛田愛斗,佐賀,0,0,14.3,0,0,0,0,0,0,0,→,ニュートラル
137,伊藤工真,関東,0,0,4,0,0,0,0,0,0,0,→,ニュートラル
138,江田勇亮,関東,0,0,7.1,0,0,0,0,0,0,0,→,ニュートラル
139,笹川翼,大井,0,0,12.5,0,0,0,0,0,0,0,→,ニュートラル
140,西村太一,関東,0,0,9.1,0,0,0,0,0,100,0,→,ニュートラル
141,下原理,兵庫,0,0,33.3,0,0,0,0,0,0,0,→,ニュートラル
142,谷原柚希,関東,0,0,0,0,0,0,0,0,0,0,→,ニュートラル
143,的場勇人,関東,0,0,0,0,0,0,0,0,0,0,→,ニュートラル
144,田村太雅,関西,0,0,0,0,0,0,0,0,0,0,→,ニュートラル
145,岡村健司,佐賀,0,0,0,0,0,0,0,0,0,0,→,ニュートラル
146,安藤洋一,大井,0,0,0,0,0,0,0,0,0,0,→,ニュートラル
147,丸野勝虎,愛知,0,0,0,0,0,0,0,0,0,0,→,ニュートラル
148,桜井光輔,川崎,0,0,0,0,0,0,0,0,0,0,→,ニュートラル
149,本田正重,船橋,0,0,0,0,0,0,0,0,0,0,→,ニュートラル
150,菅原辰徳,岩手,0,0,0,0,0,0,0,0,0,0,→,ニュートラル
